{"errors":[],"warnings":[],"namedChunkGroups":{"app":{"chunks":[9,0,2],"assets":["webpack-runtime-3ccd50d12cdd836d1397.js","webpack-runtime-3ccd50d12cdd836d1397.js.map","commons-91a3e9482116031b6272.js","commons-91a3e9482116031b6272.js.map","app-760801dbbbb0aab746c7.js","app-760801dbbbb0aab746c7.js.map"],"children":{},"childAssets":{}},"component---node-modules-gatsby-plugin-offline-app-shell-js":{"chunks":[3],"assets":["component---node-modules-gatsby-plugin-offline-app-shell-js-cf2fd0f92da7499f18b1.js","component---node-modules-gatsby-plugin-offline-app-shell-js-cf2fd0f92da7499f18b1.js.map"],"children":{},"childAssets":{}},"component---src-templates-blog-post-js":{"chunks":[1,0,8],"assets":["styles.9632e2a803302e5f2267.css","styles-63ab13cc7fd32de9e0a6.js","styles-63ab13cc7fd32de9e0a6.js.map","commons-91a3e9482116031b6272.js","commons-91a3e9482116031b6272.js.map","component---src-templates-blog-post-js-43e306c7bcb80bfde332.js","component---src-templates-blog-post-js-43e306c7bcb80bfde332.js.map"],"children":{},"childAssets":{}},"component---src-pages-404-js":{"chunks":[1,0,4],"assets":["styles.9632e2a803302e5f2267.css","styles-63ab13cc7fd32de9e0a6.js","styles-63ab13cc7fd32de9e0a6.js.map","commons-91a3e9482116031b6272.js","commons-91a3e9482116031b6272.js.map","component---src-pages-404-js-794ceed3e5da5debe2da.js","component---src-pages-404-js-794ceed3e5da5debe2da.js.map"],"children":{},"childAssets":{}},"component---src-pages-blogs-js":{"chunks":[1,0,5],"assets":["styles.9632e2a803302e5f2267.css","styles-63ab13cc7fd32de9e0a6.js","styles-63ab13cc7fd32de9e0a6.js.map","commons-91a3e9482116031b6272.js","commons-91a3e9482116031b6272.js.map","component---src-pages-blogs-js-2fbd8f24e395eaba28ec.js","component---src-pages-blogs-js-2fbd8f24e395eaba28ec.js.map"],"children":{},"childAssets":{}},"component---src-pages-index-js":{"chunks":[1,0,6],"assets":["styles.9632e2a803302e5f2267.css","styles-63ab13cc7fd32de9e0a6.js","styles-63ab13cc7fd32de9e0a6.js.map","commons-91a3e9482116031b6272.js","commons-91a3e9482116031b6272.js.map","component---src-pages-index-js-ea6782bdf85013106859.js","component---src-pages-index-js-ea6782bdf85013106859.js.map"],"children":{},"childAssets":{}},"component---src-pages-photos-js":{"chunks":[1,0,7],"assets":["styles.9632e2a803302e5f2267.css","styles-63ab13cc7fd32de9e0a6.js","styles-63ab13cc7fd32de9e0a6.js.map","commons-91a3e9482116031b6272.js","commons-91a3e9482116031b6272.js.map","component---src-pages-photos-js-33ccb05d9b9a8c205003.js","component---src-pages-photos-js-33ccb05d9b9a8c205003.js.map"],"children":{},"childAssets":{}}},"assetsByChunkName":{"app":["webpack-runtime-3ccd50d12cdd836d1397.js","commons-91a3e9482116031b6272.js","app-760801dbbbb0aab746c7.js"],"component---node-modules-gatsby-plugin-offline-app-shell-js":["component---node-modules-gatsby-plugin-offline-app-shell-js-cf2fd0f92da7499f18b1.js"],"component---src-templates-blog-post-js":["styles.9632e2a803302e5f2267.css","styles-63ab13cc7fd32de9e0a6.js","commons-91a3e9482116031b6272.js","component---src-templates-blog-post-js-43e306c7bcb80bfde332.js"],"component---src-pages-404-js":["styles.9632e2a803302e5f2267.css","styles-63ab13cc7fd32de9e0a6.js","commons-91a3e9482116031b6272.js","component---src-pages-404-js-794ceed3e5da5debe2da.js"],"component---src-pages-blogs-js":["styles.9632e2a803302e5f2267.css","styles-63ab13cc7fd32de9e0a6.js","commons-91a3e9482116031b6272.js","component---src-pages-blogs-js-2fbd8f24e395eaba28ec.js"],"component---src-pages-index-js":["styles.9632e2a803302e5f2267.css","styles-63ab13cc7fd32de9e0a6.js","commons-91a3e9482116031b6272.js","component---src-pages-index-js-ea6782bdf85013106859.js"],"component---src-pages-photos-js":["styles.9632e2a803302e5f2267.css","styles-63ab13cc7fd32de9e0a6.js","commons-91a3e9482116031b6272.js","component---src-pages-photos-js-33ccb05d9b9a8c205003.js"]}}