{"errors":[],"warnings":[],"namedChunkGroups":{"app":{"chunks":[9,0,2],"assets":["webpack-runtime-9eb226abe9a95977ca9b.js","webpack-runtime-9eb226abe9a95977ca9b.js.map","commons-69ad896c759cc0e1b11c.js","commons-69ad896c759cc0e1b11c.js.map","app-760801dbbbb0aab746c7.js","app-760801dbbbb0aab746c7.js.map"],"children":{},"childAssets":{}},"component---node-modules-gatsby-plugin-offline-app-shell-js":{"chunks":[3],"assets":["component---node-modules-gatsby-plugin-offline-app-shell-js-cf2fd0f92da7499f18b1.js","component---node-modules-gatsby-plugin-offline-app-shell-js-cf2fd0f92da7499f18b1.js.map"],"children":{},"childAssets":{}},"component---src-templates-blog-post-js":{"chunks":[1,0,8],"assets":["styles.9dc78a75e5b5d7bbd547.css","styles-63ab13cc7fd32de9e0a6.js","styles-63ab13cc7fd32de9e0a6.js.map","commons-69ad896c759cc0e1b11c.js","commons-69ad896c759cc0e1b11c.js.map","component---src-templates-blog-post-js-43e306c7bcb80bfde332.js","component---src-templates-blog-post-js-43e306c7bcb80bfde332.js.map"],"children":{},"childAssets":{}},"component---src-pages-404-js":{"chunks":[1,0,4],"assets":["styles.9dc78a75e5b5d7bbd547.css","styles-63ab13cc7fd32de9e0a6.js","styles-63ab13cc7fd32de9e0a6.js.map","commons-69ad896c759cc0e1b11c.js","commons-69ad896c759cc0e1b11c.js.map","component---src-pages-404-js-794ceed3e5da5debe2da.js","component---src-pages-404-js-794ceed3e5da5debe2da.js.map"],"children":{},"childAssets":{}},"component---src-pages-blogs-js":{"chunks":[1,0,5],"assets":["styles.9dc78a75e5b5d7bbd547.css","styles-63ab13cc7fd32de9e0a6.js","styles-63ab13cc7fd32de9e0a6.js.map","commons-69ad896c759cc0e1b11c.js","commons-69ad896c759cc0e1b11c.js.map","component---src-pages-blogs-js-2fbd8f24e395eaba28ec.js","component---src-pages-blogs-js-2fbd8f24e395eaba28ec.js.map"],"children":{},"childAssets":{}},"component---src-pages-index-js":{"chunks":[1,0,6],"assets":["styles.9dc78a75e5b5d7bbd547.css","styles-63ab13cc7fd32de9e0a6.js","styles-63ab13cc7fd32de9e0a6.js.map","commons-69ad896c759cc0e1b11c.js","commons-69ad896c759cc0e1b11c.js.map","component---src-pages-index-js-490672ed2de96c0d92b7.js","component---src-pages-index-js-490672ed2de96c0d92b7.js.map"],"children":{},"childAssets":{}},"component---src-pages-photos-js":{"chunks":[1,0,7],"assets":["styles.9dc78a75e5b5d7bbd547.css","styles-63ab13cc7fd32de9e0a6.js","styles-63ab13cc7fd32de9e0a6.js.map","commons-69ad896c759cc0e1b11c.js","commons-69ad896c759cc0e1b11c.js.map","component---src-pages-photos-js-33ccb05d9b9a8c205003.js","component---src-pages-photos-js-33ccb05d9b9a8c205003.js.map"],"children":{},"childAssets":{}}},"assetsByChunkName":{"app":["webpack-runtime-9eb226abe9a95977ca9b.js","commons-69ad896c759cc0e1b11c.js","app-760801dbbbb0aab746c7.js"],"component---node-modules-gatsby-plugin-offline-app-shell-js":["component---node-modules-gatsby-plugin-offline-app-shell-js-cf2fd0f92da7499f18b1.js"],"component---src-templates-blog-post-js":["styles.9dc78a75e5b5d7bbd547.css","styles-63ab13cc7fd32de9e0a6.js","commons-69ad896c759cc0e1b11c.js","component---src-templates-blog-post-js-43e306c7bcb80bfde332.js"],"component---src-pages-404-js":["styles.9dc78a75e5b5d7bbd547.css","styles-63ab13cc7fd32de9e0a6.js","commons-69ad896c759cc0e1b11c.js","component---src-pages-404-js-794ceed3e5da5debe2da.js"],"component---src-pages-blogs-js":["styles.9dc78a75e5b5d7bbd547.css","styles-63ab13cc7fd32de9e0a6.js","commons-69ad896c759cc0e1b11c.js","component---src-pages-blogs-js-2fbd8f24e395eaba28ec.js"],"component---src-pages-index-js":["styles.9dc78a75e5b5d7bbd547.css","styles-63ab13cc7fd32de9e0a6.js","commons-69ad896c759cc0e1b11c.js","component---src-pages-index-js-490672ed2de96c0d92b7.js"],"component---src-pages-photos-js":["styles.9dc78a75e5b5d7bbd547.css","styles-63ab13cc7fd32de9e0a6.js","commons-69ad896c759cc0e1b11c.js","component---src-pages-photos-js-33ccb05d9b9a8c205003.js"]}}