{"app":["/app-760801dbbbb0aab746c7.js"],"component---node-modules-gatsby-plugin-offline-app-shell-js":["/component---node-modules-gatsby-plugin-offline-app-shell-js-cf2fd0f92da7499f18b1.js"],"component---src-templates-blog-post-js":["/component---src-templates-blog-post-js-43e306c7bcb80bfde332.js"],"component---src-pages-404-js":["/component---src-pages-404-js-794ceed3e5da5debe2da.js"],"component---src-pages-blogs-js":["/component---src-pages-blogs-js-2fbd8f24e395eaba28ec.js"],"component---src-pages-index-js":["/component---src-pages-index-js-e54226d0731e65ad01b3.js"],"component---src-pages-photos-js":["/component---src-pages-photos-js-33ccb05d9b9a8c205003.js"]}